rec_id,tel_no,email,hosp_name
051,32676571,leeheidi@example.com,Al-Hilal Hospital
052,36361304,manuel43@example.net,Bahrain Defence Force Hospital
053,33342420,juarezcrystal@example.net,Bahrain Defence Force Hospital
054,36833137,amy78@example.org,American Mission Hospital
055,34275643,walkerbarry@example.org,Mayo Clinic
056,32501267,thomas39@example.com,Dar Al Shifa Hospital
057,37678220,elee@example.org,American Mission Hospital
058,33210264,benjaminthomas@example.net,St Thomas Hospital London
059,32167320,markkim@example.net,Dar Al Shifa Hospital
060,31223481,lisa76@example.org,King Hamad University Hospital
061,33620158,wrightlatoya@example.com,St Thomas Hospital London
062,38304706,douglasmosley@example.net,St Thomas Hospital London
063,32581065,morganyoung@example.net,Mayo Clinic
064,31765062,zcox@example.net,American Mission Hospital
065,34316713,rileysara@example.org,Al-Hilal Hospital
066,36515410,elizabeth59@example.com,American Mission Hospital
067,36361838,alyssadalton@example.org,Salamaniya Hospital
068,35238065,arthurbrown@example.net,Bahrain Defence Force Hospital
069,32271242,westheather@example.org,Emirates Hospital
070,30282558,coreydixon@example.net,St Thomas Hospital London
071,33356816,espinozapatricia@example.org,American Mission Hospital
072,30246623,oevans@example.net,Mayo Clinic
073,33618378,donnawhite@example.com,Dar Al Shifa Hospital
074,37680485,betty85@example.org,Salamaniya Hospital
075,32647502,mannrebecca@example.org,Mayo Clinic
076,35863283,hoovercrystal@example.org,St Thomas Hospital London
077,31234884,heatherhardy@example.org,Dar Al Shifa Hospital
078,33667766,ehull@example.com,American Mission Hospital
079,33610501,cortezjesse@example.org,Al-Hilal Hospital
080,34667366,charlesmoore@example.net,St Thomas Hospital London
081,31272736,ujackson@example.com,Bahrain Defence Force Hospital
082,30770187,fordamy@example.net,Emirates Hospital
083,30546821,ivega@example.com,American Mission Hospital
084,37076318,dominguezjessica@example.net,American Mission Hospital
085,37222433,torrestravis@example.com,King Faisal Specialist Hospital & Research Centre
086,31037515,emartin@example.com,Emirates Hospital
087,36336537,susan08@example.org,American Mission Hospital
088,38258675,kristin07@example.com,Emirates Hospital
089,38418465,kyle70@example.com,Al-Hilal Hospital
090,30258760,ejensen@example.net,Bahrain Defence Force Hospital
091,31680530,lroberts@example.com,Dar Al Shifa Hospital
092,32123867,kristi05@example.net,Dar Al Shifa Hospital
093,32775545,joelglover@example.com,Salamaniya Hospital
094,31501750,martinezkenneth@example.org,Dar Al Shifa Hospital
095,35037782,deborahdavis@example.org,Salamaniya Hospital
096,37402768,michaelcandice@example.com,Al-Hilal Hospital
097,31013767,asmith@example.com,Al-Hilal Hospital
098,37012141,lindsey51@example.net,Salamaniya Hospital
099,35143638,matthewyates@example.net,American Mission Hospital
0100,30880656,andrew70@example.org,Dar Al Shifa Hospital
0101,38125557,taylorjustin@example.org,Bahrain Defence Force Hospital
0102,36801621,john19@example.org,King Faisal Specialist Hospital & Research Centre
0103,33503473,mezaanthony@example.com,Al-Hilal Hospital
0104,31571665,gonzaleztimothy@example.com,St Thomas Hospital London
0105,38612751,jeffery29@example.org,Bahrain Defence Force Hospital
0106,30283113,teresa75@example.org,King Hamad University Hospital
0107,37225163,tammybass@example.org,Salamaniya Hospital
0108,37351762,burketyler@example.net,Al-Hilal Hospital
0109,30602802,matthew56@example.net,Mayo Clinic
0110,31618314,mhall@example.com,Dar Al Shifa Hospital
0111,37730254,mackenzieporter@example.com,Emirates Hospital
0112,38562163,dianekoch@example.net,Al-Hilal Hospital
0113,38851886,caseyroberts@example.org,Mayo Clinic
0114,33352817,wbanks@example.org,American Mission Hospital
0115,38085140,cherylkaufman@example.com,Bahrain Defence Force Hospital
0116,33161727,daniel87@example.net,Mayo Clinic
0117,37335212,samantharich@example.net,American Mission Hospital
0118,36533413,henrychristian@example.net,Al-Hilal Hospital
0119,34088522,brownmonique@example.net,Emirates Hospital
0120,32002326,fhogan@example.org,Salamaniya Hospital
0121,36723615,juan03@example.net,Dar Al Shifa Hospital
0122,30561017,misty96@example.org,King Faisal Specialist Hospital & Research Centre
0123,35030271,courtneycallahan@example.net,Salamaniya Hospital
0124,35763751,millerchristopher@example.org,Dar Al Shifa Hospital
0125,30607828,meghan07@example.org,Emirates Hospital
0126,37588020,mrodriguez@example.org,St Thomas Hospital London
0127,34284065,sherrymyers@example.net,Dar Al Shifa Hospital
0128,30114523,stevenserrano@example.org,King Faisal Specialist Hospital & Research Centre
0129,36374107,myersanna@example.net,Emirates Hospital
0130,30603663,brenda07@example.com,King Faisal Specialist Hospital & Research Centre
0131,37658108,michellelawrence@example.net,Mayo Clinic
0132,31175235,nathan43@example.org,Dar Al Shifa Hospital
0133,38316073,smclaughlin@example.net,American Mission Hospital
0134,35267826,desireehines@example.net,King Faisal Specialist Hospital & Research Centre
0135,36031776,william39@example.net,Salamaniya Hospital
0136,37187017,kenneth57@example.com,Mayo Clinic
0137,37777612,shannonquinn@example.net,Salamaniya Hospital
0138,34148780,brianjensen@example.com,Bahrain Defence Force Hospital
0139,38632387,jacob94@example.org,St Thomas Hospital London
0140,33683178,gchen@example.net,American Mission Hospital
0141,33050347,joseph49@example.org,Al-Hilal Hospital
0142,30655222,kmolina@example.org,Emirates Hospital
0143,36270170,kstark@example.com,King Faisal Specialist Hospital & Research Centre
0144,34253130,kimrebecca@example.org,Emirates Hospital
0145,34566515,nnewman@example.org,American Mission Hospital
0146,35410066,jcasey@example.net,Salamaniya Hospital
0147,38724164,jessicaflores@example.net,Bahrain Defence Force Hospital
0148,31584085,aguilarashley@example.com,St Thomas Hospital London
0149,35651547,jerrybrown@example.org,Mayo Clinic
0150,32767622,danielle87@example.org,Mayo Clinic
0151,36175807,davidyoung@example.net,King Hamad University Hospital
0152,35847381,juanbeard@example.com,American Mission Hospital
0153,38841560,xburch@example.com,Bahrain Defence Force Hospital
0154,38080624,megan96@example.net,St Thomas Hospital London
0155,38118607,timothyortega@example.net,Dar Al Shifa Hospital
0156,32581232,robert47@example.com,St Thomas Hospital London
0157,31587586,chelsea56@example.net,Dar Al Shifa Hospital
0158,34754088,david59@example.net,Emirates Hospital
0159,32580331,jpeterson@example.com,Dar Al Shifa Hospital
0160,34553525,zdavis@example.net,Dar Al Shifa Hospital
0161,34673643,marshlori@example.com,Al-Hilal Hospital
0162,35850418,marynavarro@example.org,King Faisal Specialist Hospital & Research Centre
0163,34444327,hendersonmichael@example.net,Emirates Hospital
0164,35274417,anthonyday@example.com,Al-Hilal Hospital
0165,35343881,lopezcameron@example.org,Bahrain Defence Force Hospital
0166,30875623,rglover@example.net,King Faisal Specialist Hospital & Research Centre
0167,32501566,anthonybaker@example.com,King Hamad University Hospital
0168,35823420,stonekristin@example.org,Emirates Hospital
0169,36125211,jill07@example.net,Emirates Hospital
0170,34202858,elizabethrichardson@example.com,Dar Al Shifa Hospital
0171,30713434,clayton58@example.com,Dar Al Shifa Hospital
0172,34078667,wrivera@example.com,St Thomas Hospital London
0173,37872001,edward11@example.com,King Hamad University Hospital
0174,38252418,bclarke@example.com,St Thomas Hospital London
0175,33808387,stephaniebauer@example.net,Bahrain Defence Force Hospital
0176,34805748,josephdalton@example.com,Salamaniya Hospital
0177,37037858,xdixon@example.net,St Thomas Hospital London
0178,35204430,rileyjames@example.net,American Mission Hospital
0179,34101074,matthewmartinez@example.org,Al-Hilal Hospital
0180,31068720,gjones@example.net,Emirates Hospital
0181,34850601,georgemullen@example.com,Bahrain Defence Force Hospital
0182,37714118,flowersjennifer@example.net,King Faisal Specialist Hospital & Research Centre
0183,30020761,michaeljordan@example.org,Dar Al Shifa Hospital
0184,30705680,michellelowe@example.net,St Thomas Hospital London
0185,38180134,qjones@example.net,King Faisal Specialist Hospital & Research Centre
0186,32306250,spencermary@example.org,King Hamad University Hospital
0187,31334425,mooredawn@example.org,Al-Hilal Hospital
0188,32516087,ccarlson@example.com,Mayo Clinic
0189,38743827,tina59@example.org,Emirates Hospital
0190,36800137,nreid@example.com,Dar Al Shifa Hospital
0191,36101128,stevenwhite@example.org,Mayo Clinic
0192,38775270,kingkerry@example.org,Al-Hilal Hospital
0193,33746163,kimberly57@example.com,Al-Hilal Hospital
0194,36463503,kim91@example.com,American Mission Hospital
0195,35141323,thomas11@example.com,King Hamad University Hospital
0196,35711633,jennifer86@example.org,St Thomas Hospital London
0197,34103567,kaitlyncarter@example.org,St Thomas Hospital London
0198,37426210,daniel23@example.org,Bahrain Defence Force Hospital
0199,33026416,robertspaul@example.net,Dar Al Shifa Hospital
0200,34571786,tonya08@example.net,Emirates Hospital
0201,36665018,katrina06@example.org,King Faisal Specialist Hospital & Research Centre
0202,31100766,acox@example.com,Al-Hilal Hospital
0203,31078751,mgeorge@example.org,Al-Hilal Hospital
0204,30448072,jennifer24@example.net,Al-Hilal Hospital
0205,36812465,phillipsrichard@example.net,Bahrain Defence Force Hospital
0206,32811711,carrillowilliam@example.com,American Mission Hospital
0207,31712367,robert14@example.net,St Thomas Hospital London
0208,36127413,timbrown@example.org,Mayo Clinic
0209,32570565,phillip98@example.org,Bahrain Defence Force Hospital
0210,38665637,vickiehenry@example.net,Salamaniya Hospital
0211,37146786,parsonsthomas@example.com,Emirates Hospital
0212,32837561,susanhooper@example.org,King Hamad University Hospital
0213,30277113,xluna@example.org,St Thomas Hospital London
0214,36242541,vhunter@example.com,Al-Hilal Hospital
0215,33377522,victor34@example.net,Emirates Hospital
0216,37067222,ortegacassandra@example.net,Emirates Hospital
0217,37476147,scottrobinson@example.net,Dar Al Shifa Hospital
0218,38608803,nray@example.net,Al-Hilal Hospital
0219,30320037,andersonalicia@example.com,American Mission Hospital
0220,38586054,burgessmark@example.net,Bahrain Defence Force Hospital
0221,34002243,littlestephanie@example.com,St Thomas Hospital London
0222,31811635,bonniewilson@example.net,King Hamad University Hospital
0223,32778403,vicki35@example.org,King Hamad University Hospital
0224,34607032,kristenmartinez@example.org,Salamaniya Hospital
0225,37004827,bperez@example.org,Mayo Clinic
0226,34421056,janecochran@example.org,American Mission Hospital
0227,37501765,dudleybruce@example.net,St Thomas Hospital London
0228,37520472,amy53@example.net,Mayo Clinic
0229,37510607,isimon@example.com,Mayo Clinic
0230,37227362,millerdavid@example.com,King Faisal Specialist Hospital & Research Centre
0231,34550753,bramsey@example.com,St Thomas Hospital London
0232,35388728,bgardner@example.org,Salamaniya Hospital
0233,38482270,nhaney@example.com,Emirates Hospital
0234,30684862,blevinsjay@example.net,Mayo Clinic
0235,33567641,jessicasandoval@example.com,Emirates Hospital
0236,32725755,chaseblack@example.net,King Faisal Specialist Hospital & Research Centre
0237,33367632,ricardojackson@example.net,Salamaniya Hospital
0238,35182786,meyerjill@example.net,King Faisal Specialist Hospital & Research Centre
0239,34340428,valenciajoel@example.com,Mayo Clinic
0240,35454070,williamspatricia@example.net,Salamaniya Hospital
0241,34001057,gallaghermichael@example.com,King Hamad University Hospital
0242,37760187,brianthompson@example.net,St Thomas Hospital London
0243,37488811,floresevan@example.org,Salamaniya Hospital
0244,36285813,robertmaynard@example.org,Dar Al Shifa Hospital
0245,38281022,crawfordlisa@example.net,Mayo Clinic
0246,35172071,jacksonbrian@example.com,Dar Al Shifa Hospital
0247,33602858,jennifer06@example.net,Mayo Clinic
0248,34706531,melissadixon@example.org,Dar Al Shifa Hospital
0249,33343231,martinezdonna@example.com,Bahrain Defence Force Hospital
0250,30161443,uvargas@example.com,American Mission Hospital
0251,32385448,jacob49@example.com,Mayo Clinic
0252,33642807,morenoleonard@example.com,Bahrain Defence Force Hospital
0253,33423557,twatts@example.org,Dar Al Shifa Hospital
0254,36428180,joseph28@example.org,King Faisal Specialist Hospital & Research Centre
0255,34621650,petersongregory@example.com,Al-Hilal Hospital
0256,38720660,brian52@example.org,Mayo Clinic
0257,34430288,johnross@example.com,St Thomas Hospital London
0258,33212684,micheleprice@example.com,King Hamad University Hospital
0259,36884012,heathercross@example.com,Salamaniya Hospital
0260,30788832,nspencer@example.com,Al-Hilal Hospital
0261,31705252,sarahnelson@example.com,Al-Hilal Hospital
0262,31171757,martinezcheryl@example.org,Bahrain Defence Force Hospital
0263,31615222,rebeccaharvey@example.org,King Hamad University Hospital
0264,36064341,timothymoore@example.org,Salamaniya Hospital
0265,36774434,stephanieoconnor@example.org,St Thomas Hospital London
0266,36464140,johngarza@example.net,Bahrain Defence Force Hospital
0267,36245334,zroach@example.com,Bahrain Defence Force Hospital
0268,34744404,elizabethross@example.org,Dar Al Shifa Hospital
0269,33661022,keithheather@example.net,American Mission Hospital
0270,38847765,gkirk@example.org,Al-Hilal Hospital
0271,32124614,usosa@example.com,King Faisal Specialist Hospital & Research Centre
0272,37482623,zhangsarah@example.net,Dar Al Shifa Hospital
0273,36623154,veronicafritz@example.com,St Thomas Hospital London
0274,38481566,taylorsamantha@example.net,Mayo Clinic
0275,37226702,suareztyler@example.org,St Thomas Hospital London
0276,30565806,mayerscott@example.com,King Faisal Specialist Hospital & Research Centre
0277,38752632,tpham@example.org,St Thomas Hospital London
0278,33388355,igonzalez@example.org,St Thomas Hospital London
0279,30075716,salazarjessica@example.com,Mayo Clinic
0280,37500667,ktran@example.org,Bahrain Defence Force Hospital
0281,31658414,jonathanpatterson@example.org,St Thomas Hospital London
0282,32681221,upeterson@example.com,Bahrain Defence Force Hospital
0283,31800573,charlotteowens@example.net,King Faisal Specialist Hospital & Research Centre
0284,32242720,danielbell@example.org,American Mission Hospital
0285,38553535,phall@example.org,Al-Hilal Hospital
0286,32326503,fischerriley@example.net,King Hamad University Hospital
0287,31560548,laura41@example.org,Emirates Hospital
0288,37448161,coffeydarlene@example.com,St Thomas Hospital London
0289,35050742,jaclynlee@example.net,St Thomas Hospital London
0290,30052218,mstark@example.net,Bahrain Defence Force Hospital
0291,30212463,vsmith@example.org,King Hamad University Hospital
0292,36466784,danahorne@example.net,Al-Hilal Hospital
0293,37345284,christopher10@example.org,Dar Al Shifa Hospital
0294,38172834,jacob38@example.net,Mayo Clinic
0295,35215211,timothyhicks@example.com,King Faisal Specialist Hospital & Research Centre
0296,35442733,michaelgray@example.com,Emirates Hospital
0297,31163016,nguzman@example.org,Mayo Clinic
0298,38205323,thayes@example.org,Bahrain Defence Force Hospital
0299,32627325,margaretmartinez@example.org,King Hamad University Hospital
0300,30344438,dalesullivan@example.org,Dar Al Shifa Hospital
0301,33721360,lclay@example.net,Bahrain Defence Force Hospital
0302,31044404,teresa76@example.org,Al-Hilal Hospital
0303,30073117,nhudson@example.org,King Faisal Specialist Hospital & Research Centre
0304,35636504,dawnrobinson@example.org,Dar Al Shifa Hospital
0305,34688760,darlenegarza@example.net,Mayo Clinic
0306,31638880,david60@example.net,Al-Hilal Hospital
0307,30413485,robertsbrett@example.org,American Mission Hospital
0308,35438363,christopher68@example.com,American Mission Hospital
0309,34746570,singhjennifer@example.com,Mayo Clinic
0310,34428140,tonyjones@example.org,King Faisal Specialist Hospital & Research Centre
0311,38850507,sherristone@example.com,Salamaniya Hospital
0312,30202420,smithcolton@example.net,American Mission Hospital
0313,36770308,xroberts@example.com,King Hamad University Hospital
0314,32313184,jessica24@example.com,American Mission Hospital
0315,31607116,brookewerner@example.net,Mayo Clinic
0316,33513513,zarias@example.org,King Hamad University Hospital
0317,30334812,marygarza@example.com,Dar Al Shifa Hospital
0318,36845182,ebenton@example.org,Dar Al Shifa Hospital
0319,38680515,susandavis@example.com,Mayo Clinic
0320,32653478,debra98@example.org,King Faisal Specialist Hospital & Research Centre
0321,33848157,reedemily@example.net,Al-Hilal Hospital
0322,38208456,samuelmoore@example.net,American Mission Hospital
0323,31655567,claudia21@example.org,St Thomas Hospital London
0324,32812256,ylewis@example.net,Emirates Hospital
0325,38650680,carterlynn@example.net,Emirates Hospital
0326,35065026,joseph57@example.net,Emirates Hospital
0327,34440415,conwaycorey@example.net,King Faisal Specialist Hospital & Research Centre
0328,36072530,abigailcervantes@example.org,Al-Hilal Hospital
0329,32727045,joseph59@example.com,Mayo Clinic
0330,30288241,ahenderson@example.net,Bahrain Defence Force Hospital
0331,35372302,laurastewart@example.org,Mayo Clinic
0332,30584324,amber36@example.com,Emirates Hospital
0333,30283532,matthew48@example.org,King Hamad University Hospital
0334,33235080,jennifer23@example.com,Bahrain Defence Force Hospital
0335,30741235,vbond@example.net,Dar Al Shifa Hospital
0336,37855365,tonialexander@example.com,Dar Al Shifa Hospital
0337,30881422,jessica80@example.com,American Mission Hospital
0338,36341777,jacquelinedavis@example.net,American Mission Hospital
0339,30677641,melissa45@example.org,Mayo Clinic
